82-7113503,Fonz,Eles,feles0@nih.gov,Male,Malaysia,https://robohash.org/exercitationemexcepturicum.jpg?size=200x200&set=set1,12/4/1996
41-7103318,Bryanty,Whicher,bwhicher1@eepurl.com,Male,Netherlands,https://robohash.org/aquibusdamvoluptatem.jpg?size=200x200&set=set1,1/29/2005
03-1338300,Caty,Barkaway,cbarkaway2@acquirethisname.com,Female,Poland,https://robohash.org/voluptatemsaepeaut.jpg?size=200x200&set=set1,4/8/1990
23-0919558,Gayla,Sandercroft,gsandercroft3@aboutads.info,Female,Afghanistan,https://robohash.org/reiciendisvoluptatemest.jpg?size=200x200&set=set1,12/14/1985
59-9960269,Munroe,McArtan,mmcartan4@last.fm,Male,China,https://robohash.org/errorutharum.jpg?size=200x200&set=set1,7/25/1962
58-0726018,Zsazsa,Pellatt,zpellatt5@latimes.com,Female,Indonesia,https://robohash.org/magnamconsequaturest.jpg?size=200x200&set=set1,9/23/1995
31-3140880,Roseanna,Clutterham,rclutterham6@businessweek.com,Female,Philippines,https://robohash.org/sequieteligendi.jpg?size=200x200&set=set1,6/19/1995
51-9513659,Cathrine,Malone,cmalone7@jugem.jp,Female,China,https://robohash.org/quisestsunt.jpg?size=200x200&set=set1,12/27/2007
29-3467986,Ilise,Timbs,itimbs8@feedburner.com,Female,Russia,https://robohash.org/laborequasinostrum.jpg?size=200x200&set=set1,10/24/2008
51-3258969,Reeba,Cattellion,rcattellion9@state.gov,Female,Indonesia,https://robohash.org/quiomnissimilique.jpg?size=200x200&set=set1,7/8/1969
42-1300339,Layla,Fergyson,lfergysona@ted.com,Female,China,https://robohash.org/adverototam.jpg?size=200x200&set=set1,4/10/1978
05-9151344,Case,Darracott,cdarracottb@shutterfly.com,Male,Honduras,https://robohash.org/debitisomnisvoluptatibus.jpg?size=200x200&set=set1,6/2/1981
52-0443837,Margarette,Demchen,mdemchenc@oakley.com,Female,South Africa,https://robohash.org/laudantiumvoluptatumearum.jpg?size=200x200&set=set1,4/23/2010
21-0569067,Shanon,Glaisner,sglaisnerd@fotki.com,Female,China,https://robohash.org/architectovoluptatemfacilis.jpg?size=200x200&set=set1,10/31/1963
98-8514098,Letisha,McIllroy,lmcillroye@addtoany.com,Female,Poland,https://robohash.org/quisquamoditdolorem.jpg?size=200x200&set=set1,1/24/1982
97-5545511,Uri,Casse,ucassef@kickstarter.com,Male,Lithuania,https://robohash.org/autrepudiandaesint.jpg?size=200x200&set=set1,4/2/1985
62-1717759,Michaelina,Levane,mlevaneg@msu.edu,Female,Indonesia,https://robohash.org/omnispossimusut.jpg?size=200x200&set=set1,2/28/2015
55-1096531,Monte,Lorman,mlormanh@time.com,Male,China,https://robohash.org/etplaceatest.jpg?size=200x200&set=set1,9/7/1974
81-8993344,Cassy,Burtwhistle,cburtwhistlei@angelfire.com,Female,Latvia,https://robohash.org/quibusdamutin.jpg?size=200x200&set=set1,2/20/2008
04-2599362,Heywood,Gringley,hgringleyj@biglobe.ne.jp,Male,Nicaragua,https://robohash.org/quiaestdolore.jpg?size=200x200&set=set1,4/20/1981
